﻿pos_x,pos_y,rotation,side,designator,mpn,pack,value,mount_type,place
156.9,-72.375,-90.0,top,+1,,Molex_KK-254_AE-6410-02A_1x02_P2.54mm_Vertical,GND,tht,True
156.7,-64.035,-90.0,top,+2,,Molex_KK-254_AE-6410-02A_1x02_P2.54mm_Vertical,GND,tht,True
156.7,-55.435,-90.0,top,+3,,Molex_KK-254_AE-6410-02A_1x02_P2.54mm_Vertical,GND,tht,True
63.13,-31.22,90.0,top,+4,,Molex_KK-254_AE-6410-02A_1x02_P2.54mm_Vertical,VDC,tht,True
89.54,-26.6,180.0,top,+5,,Molex_KK-254_AE-6410-02A_1x02_P2.54mm_Vertical,ON_OFF,tht,True
67.19,-72.15,0.0,top,A1,,Arduino_Nano,Arduino_Nano_Every,tht,True
58.0,-134.8,0.0,top,C1,,CP_Radial_D5.0mm_P2.00mm,0.1uF,tht,True
113.0,-89.0,0.0,top,C2,,CP_Radial_D5.0mm_P2.00mm,25uF,tht,True
126.2,-89.6,180.0,top,C3,,CP_Radial_D5.0mm_P2.00mm,25uF,tht,True
96.8,-27.0,180.0,top,C4,,CP_Radial_D5.0mm_P2.00mm,2.2uF,tht,True
51.72,-61.8,0.0,top,J1,,Molex_KK-254_AE-6410-03A_1x03_P2.54mm_Vertical,PWM,tht,True
70.26,-61.22,0.0,top,J2,,Molex_KK-254_AE-6410-03A_1x03_P2.54mm_Vertical,AUX_ OU,tht,True
135.31,-149.725,0.0,top,J3,,Molex_KK-254_AE-6410-04A_1x04_P2.54mm_Vertical,Anodo,tht,True
117.92,-62.0,0.0,top,J4,,Molex_KK-254_AE-6410-04A_1x04_P2.54mm_Vertical,Conn_01x04,tht,True
91.6,-99.76,90.0,top,J5,,Molex_KK-254_AE-6410-09A_1x09_P2.54mm_Vertical,A0-7,tht,True
148.04,-149.945,0.0,top,J6,,Molex_KK-254_AE-6410-04A_1x04_P2.54mm_Vertical,Catodo,tht,True
121.26,-46.145,0.0,top,Q1,,TO-220-3_Vertical,TIP41C,tht,True
141.63,-87.935,0.0,top,Q10,,TO-92_Inline,2N3904,tht,True
151.03,-88.135,0.0,top,Q11,,TO-92_Inline,2N3904,tht,True
162.76,-88.575,0.0,top,Q12,,TO-92_Inline,2N3904,tht,True
104.8,-26.2,-90.0,top,Q13,,TO-220-3_Vertical,IRLZ44N,tht,True
94.4,-36.8,180.0,top,Q14,,TO-220-3_Vertical,IRLZ44N,tht,True
80.6,-37.2,180.0,top,Q15,,TO-220-3_Vertical,IRF9540N,tht,True
107.145,-110.74,90.0,top,Q2,,TO-220-3_Vertical,TIP41C,tht,True
124.05,-115.925,-90.0,top,Q3,,TO-92_Inline,2N3904,tht,True
124.05,-126.725,-90.0,top,Q4,,TO-92_Inline,2N3904,tht,True
172.85,-145.265,90.0,top,Q5,,TO-92_Inline,2N3904,tht,True
161.25,-144.925,0.0,top,Q6,,TO-92_Inline,2N3904,tht,True
117.86,-97.4,0.0,top,Q7,,TO-92_Inline,2N3904,tht,True
105.53,-96.36,0.0,top,Q8,,TO-92_Inline,2N3904,tht,True
95.26,-74.4,0.0,top,Q9,,TO-92_Inline,2N3904,tht,True
145.2,-121.725,180.0,top,R1,,R_Axial_DIN0309_L9.0mm_D3.2mm_P12.70mm_Horizontal,100k,tht,True
175.82,-134.0,180.0,top,R10,,R_Axial_DIN0309_L9.0mm_D3.2mm_P12.70mm_Horizontal,1k,tht,True
144.8,-140.725,180.0,top,R11,,R_Axial_DIN0309_L9.0mm_D3.2mm_P12.70mm_Horizontal,1k,tht,True
132.5,-115.725,0.0,top,R12,,R_Axial_DIN0309_L9.0mm_D3.2mm_P12.70mm_Horizontal,1k,tht,True
175.2,-115.325,180.0,top,R13,,R_Axial_DIN0309_L9.0mm_D3.2mm_P12.70mm_Horizontal,1k,tht,True
114.8,-83.35,90.0,top,R14,,R_Axial_DIN0309_L9.0mm_D3.2mm_P12.70mm_Horizontal,10k,tht,True
121.0,-83.55,90.0,top,R15,,R_Axial_DIN0309_L9.0mm_D3.2mm_P12.70mm_Horizontal,10k,tht,True
127.2,-83.55,90.0,top,R16,,R_Axial_DIN0309_L9.0mm_D3.2mm_P12.70mm_Horizontal,20k,tht,True
108.6,-83.15,90.0,top,R17,,R_Axial_DIN0309_L9.0mm_D3.2mm_P12.70mm_Horizontal,20k,tht,True
135.55,-74.975,0.0,top,R18,,R_Axial_DIN0309_L9.0mm_D3.2mm_P12.70mm_Horizontal,580,tht,True
135.3,-81.225,-90.0,top,R19,,R_Axial_DIN0309_L9.0mm_D3.2mm_P12.70mm_Horizontal,775,tht,True
132.5,-128.0,0.0,top,R2,,R_Axial_DIN0309_L9.0mm_D3.2mm_P12.70mm_Horizontal,100k,tht,True
140.0,-95.875,-90.0,top,R20,,Potentiometer_ACP_CA9-V10_Vertical,1k,tht,True
135.35,-68.975,0.0,top,R21,,R_Axial_DIN0309_L9.0mm_D3.2mm_P12.70mm_Horizontal,450,tht,True
135.55,-62.775,0.0,top,R22,,R_Axial_DIN0309_L9.0mm_D3.2mm_P12.70mm_Horizontal,450,tht,True
151.6,-101.875,0.0,top,R23,,Potentiometer_ACP_CA9-V10_Vertical,5K,tht,True
147.55,-81.375,0.0,top,R24,,R_Axial_DIN0309_L9.0mm_D3.2mm_P12.70mm_Horizontal,10k,tht,True
167.8,-101.475,0.0,top,R25,,Potentiometer_ACP_CA9-V10_Vertical,10k,tht,True
177.05,-81.375,180.0,top,R26,,R_Axial_DIN0309_L9.0mm_D3.2mm_P12.70mm_Horizontal,20k,tht,True
82.95,-23.4,180.0,top,R27,,R_Axial_DIN0309_L9.0mm_D3.2mm_P12.70mm_Horizontal,100k,tht,True
83.35,-30.0,180.0,top,R28,,R_Axial_DIN0309_L9.0mm_D3.2mm_P12.70mm_Horizontal,100k,tht,True
69.8,-38.0,180.0,top,R29,,R_Axial_DIN0309_L9.0mm_D3.2mm_P12.70mm_Horizontal,100k,tht,True
109.65,-52.8,0.0,top,R3,,R_Axial_DIN0309_L9.0mm_D3.2mm_P12.70mm_Horizontal,100,tht,True
62.65,-53.4,0.0,top,R4,,R_Axial_DIN0309_L9.0mm_D3.2mm_P12.70mm_Horizontal,10K,tht,True
105.75,-116.0,180.0,top,R5,,R_Axial_DIN0309_L9.0mm_D3.2mm_P12.70mm_Horizontal,100,tht,True
102.8,-67.25,-90.0,top,R6,,R_Axial_DIN0309_L9.0mm_D3.2mm_P12.70mm_Horizontal,1k,tht,True
145.0,-134.125,180.0,top,R7,,R_Axial_DIN0309_L9.0mm_D3.2mm_P12.70mm_Horizontal,100k,tht,True
175.8,-121.725,180.0,top,R8,,R_Axial_DIN0309_L9.0mm_D3.2mm_P12.70mm_Horizontal,100k,tht,True
175.82,-128.0,180.0,top,R9,,R_Axial_DIN0309_L9.0mm_D3.2mm_P12.70mm_Horizontal,100k,tht,True
115.4,-106.86,-90.0,top,SERVO1,,Molex_KK-254_AE-6410-02A_1x02_P2.54mm_Vertical,+,tht,True
59.6,-125.6,180.0,top,U1,,SOT-223-3_TabPin2,AMS1117-3.3,smt,True
55.7895,-106.825,180.0,top,U2,,nRF24L01_Breakout,NRF24L01_Breakout,tht,True
150.45,-119.1,0.0,top,U3,,DIP-14_W7.62mm_Socket_LongPads,LM324,tht,True
105.46,-46.345,0.0,top,U4,,TO-220-3_Vertical,LM7805_TO220,tht,True
