﻿designator,quantity,value,pack,mpn,mount_type
"+1, +2, +3",3,GND,Molex_KK-254_AE-6410-02A_1x02_P2.54mm_Vertical,,tht
+4,1,VDC,Molex_KK-254_AE-6410-02A_1x02_P2.54mm_Vertical,,tht
+5,1,ON_OFF,Molex_KK-254_AE-6410-02A_1x02_P2.54mm_Vertical,,tht
A1,1,Arduino_Nano_Every,Arduino_Nano,,tht
C1,1,0.1uF,CP_Radial_D5.0mm_P2.00mm,,tht
"C2, C3",2,25uF,CP_Radial_D5.0mm_P2.00mm,,tht
C4,1,2.2uF,CP_Radial_D5.0mm_P2.00mm,,tht
J1,1,PWM,Molex_KK-254_AE-6410-03A_1x03_P2.54mm_Vertical,,tht
J2,1,AUX_ OU,Molex_KK-254_AE-6410-03A_1x03_P2.54mm_Vertical,,tht
J3,1,Anodo,Molex_KK-254_AE-6410-04A_1x04_P2.54mm_Vertical,,tht
J4,1,Conn_01x04,Molex_KK-254_AE-6410-04A_1x04_P2.54mm_Vertical,,tht
J5,1,A0-7,Molex_KK-254_AE-6410-09A_1x09_P2.54mm_Vertical,,tht
J6,1,Catodo,Molex_KK-254_AE-6410-04A_1x04_P2.54mm_Vertical,,tht
"Q1, Q2",2,TIP41C,TO-220-3_Vertical,,tht
"Q10, Q11, Q12, Q3, Q4, Q5, Q6, Q7, Q8, Q9",10,2N3904,TO-92_Inline,,tht
"Q13, Q14",2,IRLZ44N,TO-220-3_Vertical,,tht
Q15,1,IRF9540N,TO-220-3_Vertical,,tht
"R1, R2, R27, R28, R29, R7, R8, R9",8,100k,R_Axial_DIN0309_L9.0mm_D3.2mm_P12.70mm_Horizontal,,tht
"R10, R11, R12, R13, R6",5,1k,R_Axial_DIN0309_L9.0mm_D3.2mm_P12.70mm_Horizontal,,tht
"R14, R15, R24",3,10k,R_Axial_DIN0309_L9.0mm_D3.2mm_P12.70mm_Horizontal,,tht
"R16, R17, R26",3,20k,R_Axial_DIN0309_L9.0mm_D3.2mm_P12.70mm_Horizontal,,tht
R18,1,580,R_Axial_DIN0309_L9.0mm_D3.2mm_P12.70mm_Horizontal,,tht
R19,1,775,R_Axial_DIN0309_L9.0mm_D3.2mm_P12.70mm_Horizontal,,tht
R20,1,1k,Potentiometer_ACP_CA9-V10_Vertical,,tht
"R21, R22",2,450,R_Axial_DIN0309_L9.0mm_D3.2mm_P12.70mm_Horizontal,,tht
R23,1,5K,Potentiometer_ACP_CA9-V10_Vertical,,tht
R25,1,10k,Potentiometer_ACP_CA9-V10_Vertical,,tht
"R3, R5",2,100,R_Axial_DIN0309_L9.0mm_D3.2mm_P12.70mm_Horizontal,,tht
R4,1,10K,R_Axial_DIN0309_L9.0mm_D3.2mm_P12.70mm_Horizontal,,tht
SERVO1,1,+,Molex_KK-254_AE-6410-02A_1x02_P2.54mm_Vertical,,tht
U1,1,AMS1117-3.3,SOT-223-3_TabPin2,,smt
U2,1,NRF24L01_Breakout,nRF24L01_Breakout,,tht
U3,1,LM324,DIP-14_W7.62mm_Socket_LongPads,,tht
U4,1,LM7805_TO220,TO-220-3_Vertical,,tht
